Nutrilite Vitamin B Dual-Action - 120 Tablets,$37.00,https://www.amway.com/en_US/Nutrilite%26trade%3B-Vitamin-B-Dual-Action---120-Tablets-p-110171,110171,https://www.amway.com/medias/110171-en-US-480px-01?context=bWFzdGVyfGltYWdlc3wxNDA0MzZ8aW1hZ2UvcG5nfGltYWdlcy9oYmQvaGE2Lzk0NDgxNzAzNTY3NjYucG5nfGM3NWExNDhhOTg5ZjUzNDllMTM4MzFiZWQyNDZkOGFiNzVhNmU4OWY0OTRhMmI2NDA2M2E5MDY3N2E0OGI5NGI
Nutrilite Twist Tubes 2GO  Immunity Health - Strawberry Kiwi (ORDER LIMIT 5),$19.00,https://www.amway.com/en_US/Nutrilite%26trade%3B-Twist-Tubes-2GO%26trade%3B-%26ndash%3B-Immunity-Health%26dagger%3B---Strawberry-Kiwi-%28ORDER-LIMIT-5%29-p-110855,110855,https://www.amway.com/medias/110855-en-US-480px-01?context=bWFzdGVyfGltYWdlc3w2MTM5N3xpbWFnZS9wbmd8aW1hZ2VzL2gwOS9oYTQvOTM1NTAxMjA0Njg3OC5wbmd8NmI1OTYzMmM5ODFlMDM5YjlhMmJiM2E4ZjY0MDEzNTcxZWRjY2Q4MjEwZjUxY2VkOWMxZjJjMzViY2UzYmIxOQ
Nutrilite Vitamin C Extended Release - 180 Tablets,$54.00,https://www.amway.com/en_US/Nutrilite%E2%84%A2-Vitamin-C-Extended-Release---180-Tablets-p-109747,109747,https://www.amway.com/medias/109747-en-US-480px-01?context=bWFzdGVyfGltYWdlc3wyMzI0NDl8aW1hZ2UvcG5nfGltYWdlcy9oMDUvaGNlLzk0NDk4ODA0NTMxNTAucG5nfDYyNmJjNGQ3YmRhZGY5MzdkMDlhMDVmNjY0ZTQ4NzdmYjUwMGM4YmIzM2U2MTYzYjk5NTU4ZjFkMDBjZTMwNGE
Nutrilite Garlic Heart Care,$32.00,https://www.amway.com/en_US/Nutrilite%E2%84%A2-Garlic-Heart-Care-p-A5923,A5923,https://www.amway.com/medias/A5923-en-US-480px-01?context=bWFzdGVyfGltYWdlc3wzOTI1OXxpbWFnZS9wbmd8aW1hZ2VzL2hjMC9oOTYvOTM1NTQxMzAyODg5NC5wbmd8MjljYTJmMTFjNmQ1MTY4ODRlZjBmMzExYjBhOWFlZDlhMDE1ZjVkZDhjOTNiMjYwNGQ2MTE3YzFmYzg4ZThjYg
Nutrilite Balanced Health Omega,$21.00,https://www.amway.com/en_US/Nutrilite%E2%84%A2-Balanced-Health-Omega-p-A8914,A8914,https://www.amway.com/medias/A8914-en-US-480px-01?context=bWFzdGVyfGltYWdlc3wxMDI3MzF8aW1hZ2UvcG5nfGltYWdlcy9oMDQvaDZmLzk0NDgxNzI2MTc3NTgucG5nfDgwYjA3Y2Q2YTJlZGY4MDdhYmM1NWQ3ZGJkNTA1MTdmNTQ4MDY4NGIyOGMyNTQwMGQ4NWU1NjljYjQ2ODA4YTA
Nutrilite Double X Multivitamin - 31 Day Supply Refill,$59.00,https://www.amway.com/en_US/Nutrilite%E2%84%A2-Double-X%E2%84%A2-Multivitamin---31-Day-Supply-Refill-p-A0244,A0244,https://www.amway.com/medias/A0244-en-US-480px-01?context=bWFzdGVyfGltYWdlc3w0MTE2NXxpbWFnZS9wbmd8aW1hZ2VzL2gyOC9oYWMvOTQ0OTg4NTQ2NjY1NC5wbmd8YjBhNjMwNGQ5YTg1YjE4ZDZlYmM2YjJkZWM4MjU5NzdlYmJlNWI1NzM5MDcxMjMyNDBlYjAyMWI1NGYzOWM4Yg
Nutrilite Womens Pack,$55.00,https://www.amway.com/en_US/Nutrilite%E2%84%A2-Women%E2%80%99s-Pack-p-123372,123372,https://www.amway.com/medias/123372-en-US-480px-01?context=bWFzdGVyfGltYWdlc3w1MzUxNXxpbWFnZS9wbmd8aW1hZ2VzL2g0MC9oNmYvOTM1NTI5MzE5NjMxOC5wbmd8MDUxZjg4NWJmOGJkYWJlNTQ1OTdiOGNhYjQ4OTdhOTlhMTM1NTg1OGIyZGRiMjFjOTA1ZTVkODEzM2RiNTc4Yw
Nutrilite Mens Pack,$53.00,https://www.amway.com/en_US/Nutrilite%E2%84%A2-Men%E2%80%99s-Pack-p-123365,123365,https://www.amway.com/medias/123365-en-US-480px-01?context=bWFzdGVyfGltYWdlc3w1MTU0OHxpbWFnZS9wbmd8aW1hZ2VzL2g0ZS9oMmYvOTM1NTI3MTA3NzkxOC5wbmd8NzBlZWE0MzM5N2U2YWEzZmNmZThmNmJiYWY1OGQ0ZGI4NDE3MTg4ZGU5Mjk4YTM2NGRkNjIxYzYzMjdkNzY1MQ
Nutrilite Balance Within Probiotic,$43.00,https://www.amway.com/en_US/Nutrilite%E2%84%A2-Balance-Within%E2%84%A2-Probiotic-p-120571,120571,https://www.amway.com/medias/120571-en-US-480px-01?context=bWFzdGVyfGltYWdlc3w1MzMxMnxpbWFnZS9wbmd8aW1hZ2VzL2gyZi9oMzcvOTM1NTIzNTQ1OTEwMi5wbmd8NjU4ODI5YjViZDMwNmU3ZDNmMTY1Y2UyMDc3NzliYWIyMmU0NzE2NjhlNGUxMWNhNmUyNDYwODRlNjA5MjM0Mw
Go Shield  ImmunityGummies,$17.50,https://www.amway.com/en_US/n-by-Nutrilite%E2%84%A2-Go-Shield-%E2%80%93-Immunity%C2%A0Gummies-p-124555,124555,https://www.amway.com/medias/124555-en-US-480px-01?context=bWFzdGVyfGltYWdlc3wzMDUwNHxpbWFnZS9wbmd8aW1hZ2VzL2hkNC9oMTQvOTM1NTI5NTU4ODM4Mi5wbmd8MjQ4MzUwYjUzMTc0OGZmYWFjN2Q0NDM0Yjg1NDlhYmFmZjE3ZTQxYjY3MjNkMDIyMzZjMjdiMzgwYzg4NWY4NA
Sweet Dreams Sleep Gummies,$17.50,https://www.amway.com/en_US/n-by-Nutrilite%E2%84%A2-Sweet-Dreams-%E2%80%93%C2%A0Sleep-Gummies-p-124506,124506,https://www.amway.com/medias/124506-en-US-480px-01?context=bWFzdGVyfGltYWdlc3wzMzYxNnxpbWFnZS9wbmd8aW1hZ2VzL2g5ZS9oODgvOTM1NTI5NDk2NTc5MC5wbmd8ZDU0NjNhZDIyNGMxODU3NGUwZjkzN2ExMTFiZGNiNWQxM2M1YmE4N2E4NDBhYWJiNjBlZmUyM2ZiYWVmNTA1Yw
Nutrilite Perfect Pack for Your Health - 30 day refill,$124.00,https://www.amway.com/en_US/Nutrilite%26trade%3B-Perfect-Pack-for-Your-Health---30-day-refill-p-100332,100332,https://www.amway.com/medias/100332-en-US-480px-01?context=bWFzdGVyfGltYWdlc3wyNTMxN3xpbWFnZS9wbmd8aW1hZ2VzL2hkZS9oMzUvOTM1NTE4ODc5NzQ3MC5wbmd8NzFiYzkyNDI4OGMwY2ZlZjdlZGVlNTY3NTYxZjU3NGRhYjk4OTZiYTlhOTgwNmY2NzJlN2UwZWNjZjMwNzEyNA
Nutrilite ClearGuard,$22.00,https://www.amway.com/en_US/Nutrilite%E2%84%A2-ClearGuard%E2%84%A2-p-102735,102735,https://www.amway.com/medias/102735-en-US-480px-01?context=bWFzdGVyfGltYWdlc3wzNTA4MHxpbWFnZS9wbmd8aW1hZ2VzL2g5Mi9oOGYvOTM1NTE4NzQyMTIxNC5wbmd8M2E0MTJmMWJlYmQ1ODE0MTc2NmJiMjRjMTFjZjgxNjk5Y2RjOTJkZGU4Njg4ZDM2ZWQ4ZGExMzg0MmIzNzBkYw
Nutrilite Wellness Bars - Coconut Almond,$24.00,https://www.amway.com/en_US/Nutrilite%26trade%3B-Wellness-Bars---Coconut-Almond-p-111044,111044,https://www.amway.com/medias/111044-en-US-480px-01?context=bWFzdGVyfGltYWdlc3w4MDE3NnxpbWFnZS9wbmd8aW1hZ2VzL2g2My9oNTEvOTM1NTIxNDE5MjY3MC5wbmd8ZjQ1N2I5ODJiN2E5NjZhNTYzY2M1MjZjMzBiNmVkYjZlOGYzZWU3ZTIxMjVkZGE2MDcwMmM1MDU5Y2U5NWZiMA
Hit Reset Effervescent Tablets,$10.50,https://www.amway.com/en_US/n-by-Nutrilite%E2%84%A2-Hit-Reset-Effervescent-Tablets-p-124932,124932,https://www.amway.com/medias/124932-en-US-480px-01?context=bWFzdGVyfGltYWdlc3wzODM0NnxpbWFnZS9wbmd8aW1hZ2VzL2gwNi9oNmEvOTM1NTM0ODE0ODI1NC5wbmd8MjRmYjE3OTI0YmRlOTViMTU4ODAzYTY3MDQ4MTY2YWI0MzNmNTFiMDU0ZTlhNmVlYTE5ZTdlZWFiMGNjMTY4YQ
Nutrilite Cholesterol Health,$33.00,https://www.amway.com/en_US/Nutrilite%E2%84%A2-Cholesterol-Health-p-100070,100070,https://www.amway.com/medias/100070-en-US-480px-01?context=bWFzdGVyfGltYWdlc3w0NTQ4MXxpbWFnZS9wbmd8aW1hZ2VzL2hhMi9oZjEvOTM1NTE5NDQwMDc5OC5wbmd8M2JmZTcyNWY0NTYzZWFhNGE4MjFiZTQ2OTNmNzRmMmI1NDlmZDEyNDYxNDZiNTg4YjUxNWZmODFlOTMwZjBmNA
Nutrilite Double X Multivitamin - 31 Day Supply with Case,$61.00,https://www.amway.com/en_US/Nutrilite%E2%84%A2-Double-X%E2%84%A2-Multivitamin---31-Day-Supply-with-Case-p-A4300,A4300,https://www.amway.com/medias/A4300-en-US-480px-01?context=bWFzdGVyfGltYWdlc3wyMDMwMzh8aW1hZ2UvcG5nfGltYWdlcy9oZWIvaDU1Lzk0NDgxNjc5NjQ3MDIucG5nfDViMTQ2NDQ2ZjllOWUyMTFiNmJiZTE4MGNlNjJjNDM4OGZkZTQxZGJlYTk3YWUzYmY4M2NkZWZlYmIyMWM1OGY
Wellsona 500 mg DHA Brain Health Omega,$42.00,https://www.amway.com/en_US/Wellsona%26trade%3B-500-mg-DHA-Brain-Health-Omega-p-110101,110101,https://www.amway.com/medias/110101-en-US-480px-01?context=bWFzdGVyfGltYWdlc3w1NTYwNHxpbWFnZS9wbmd8aW1hZ2VzL2hkOS9oZmEvOTM1NTAwMzc1NjU3NC5wbmd8MzBmOTkxM2IxOTY2N2ViYTBiZjIzZTU1YzMxMmViYmY1ZjhmY2RiMzFmMjFmZGQ4ZWNlMWM0Nzc1ODdjYzkyYg
Nutrilite Concentrated Fruits and Vegetables,$44.00,https://www.amway.com/en_US/Nutrilite%26trade%3B-Concentrated-Fruits-and-Vegetables-p-100648,100648,https://www.amway.com/medias/100648-en-US-480px-01?context=bWFzdGVyfGltYWdlc3w1NTc2M3xpbWFnZS9wbmd8aW1hZ2VzL2g0Ni9oZGUvOTM1NTE5MDM3MDMzNC5wbmd8OTRlOGMyMTQ2NmRiYzU5NmRiODJjNjhhYTFlZWQ2YTZhYmNlOTI0ZjljYmIwNjM5OThmNmFlYWI0OTIzNzhmMw
Nutrilite Carb Blocker,$35.00,https://www.amway.com/en_US/Nutrilite%26trade%3B-Carb-Blocker-p-100193,100193,https://www.amway.com/medias/100193-en-US-480px-01?context=bWFzdGVyfGltYWdlc3w0MjYxMnxpbWFnZS9wbmd8aW1hZ2VzL2gyMS9oYjQvOTM1NTE4NDczNDIzOC5wbmd8ZjJkOThjZDkxNWRkNTlmNjUxMDBkM2IxYjg4MjYzY2I3OGEwNjgxM2E1NjRiMTcxNTY0MjUzNmFmOWJhNWI2OQ
Nutrilite Twist Tubes 2GO  Joint Health - Raspberry,$19.00,https://www.amway.com/en_US/Nutrilite%E2%84%A2-Twist-Tubes-2GO%E2%84%A2-%26ndash%3B-Joint-Health---Raspberry-p-110857,110857,https://www.amway.com/medias/110857-en-US-480px-01?context=bWFzdGVyfGltYWdlc3w1ODg0MHxpbWFnZS9wbmd8aW1hZ2VzL2gwMC9oYWUvOTM1NTAxNTM1NjQ0Ni5wbmd8OGUwNjUzNDQwMDhlOWYyMTUyMzUyNjY2OGVkNjMxZjZjNGYxODVmNzU3MzRlOGI4ZmQ2YzE3YTUwNGI0NDFiZg
Nutrilite Twist Tubes 2GO  Variety Pack (ORDER LIMIT 5),$19.00,https://www.amway.com/en_US/Nutrilite%26trade%3B-Twist-Tubes-2GO%26trade%3B-%26ndash%3B-Variety-Pack-%28ORDER-LIMIT-5%29-p-110922,110922,https://www.amway.com/medias/110922-en-US-480px-01?context=bWFzdGVyfGltYWdlc3w2NjA5OXxpbWFnZS9wbmd8aW1hZ2VzL2g0Mi9oNzEvOTM1NTE4OTk3NzExOC5wbmd8YjQ3YzcxM2FmZjgxMWE1Mjg3MzdlYmJhZTc5Y2ZhYTU5YWM3MjA0YzgxM2FmZTE3ZDVmN2VhYTMzYjQ1ZjM4Zg
Nutrilite Lean Muscle,$52.00,https://www.amway.com/en_US/Nutrilite%E2%84%A2-Lean-Muscle-p-100280,100280,https://www.amway.com/medias/100280-en-US-480px-01?context=bWFzdGVyfGltYWdlc3wzODMzMXxpbWFnZS9wbmd8aW1hZ2VzL2hlZC9oMGMvOTM1NTE4NjczMzA4Ni5wbmd8ZjQzM2MwODU1NjlhZWM3MmU0MGI5NDgzNDc4ZmVmY2ViY2VhNDI4ZWI0YTJiMzhjZTE4OTkyNWFhM2ZiZDNjYg
Nutrilite Iron Folic,$16.50,https://www.amway.com/en_US/Nutrilite%E2%84%A2-Iron-Folic-p-102046,102046,https://www.amway.com/medias/102046-en-US-480px-01?context=bWFzdGVyfGltYWdlc3w1MjM0MnxpbWFnZS9wbmd8aW1hZ2VzL2gzZi9oMDYvOTM1NTAwNzUyNDg5NC5wbmd8ZjhkODc3NzQ3YjU2NTc3OGU1NjU1MzEzM2MwNWJlYjkzMjY0N2I2MDBhMjljNDBhZjNkNDQxMGMzNmJiNTBkYg
Nutrilite Cal Mag D,$41.00,https://www.amway.com/en_US/Nutrilite%E2%84%A2-Cal-Mag-D-p-110610,110610,https://www.amway.com/medias/110610-en-US-480px-01?context=bWFzdGVyfGltYWdlc3w0MzQxOHxpbWFnZS9wbmd8aW1hZ2VzL2g0Yi9oYzcvOTM1NTE4NTE2MDIyMi5wbmd8Yjc0ZjQyZGUyMDY1NzVkMDBkZDQ4YTdiOGM5OTkzNDZmMTkzODkyZjg5Mjc0OGU1NDMyNjYzZGI1N2I4ZjFlMw
Nutrilite Fiber Powder,$29.00,https://www.amway.com/en_US/Nutrilite%E2%84%A2-Fiber-Powder-p-102736,102736,https://www.amway.com/medias/102736-en-US-480px-01?context=bWFzdGVyfGltYWdlc3wxNzkxNjN8aW1hZ2UvcG5nfGltYWdlcy9oM2MvaDdlLzk0NDgxNzU1MzQxMTAucG5nfDA1M2YwODEwY2ZkNTQ5M2YzNmEyYmZjMWEwNTMzZGU2YWU4ZGZiMzkzOTZkOTNmNmEwODA3YzE5ZDQ2ZjFkNDM
Nutrilite Memory Builder Supplement,$42.00,https://www.amway.com/en_US/Nutrilite%E2%84%A2-Memory-Builder%E2%84%A2-Supplement-p-111106,111106,https://www.amway.com/medias/111106-en-US-480px-01?context=bWFzdGVyfGltYWdlc3w0NDE0OXxpbWFnZS9wbmd8aW1hZ2VzL2hiMS9oYTUvOTM1NTIyMzUzMTU1MC5wbmd8MTJiYWVkYzcyMWVkZDU5OGE4YWQ1NjQ3YWZmYjhlMTM3NmMzMzhlZjE1OGRiYzdjZmM2NTRjMTY2YzEwNDdiYQ
Nutrilite Slimmetry Dietary Supplement,$33.00,https://www.amway.com/en_US/Nutrilite%E2%84%A2-Slimmetry-Dietary-Supplement-p-117085,117085,https://www.amway.com/medias/117085-en-US-480px-01?context=bWFzdGVyfGltYWdlc3wzOTQwMXxpbWFnZS9wbmd8aW1hZ2VzL2g2ZS9oZjEvOTM1NTIwODg4NDI1NC5wbmd8NTU0M2IwY2UyNDlhMzljNzg1YjNhNmU2Njc5MzE3MDAxNGRmYWI2OTVjY2FhNjAwZGZiNjc2ODkzZjJhODdiOQ
Nutrilite Vitamin D,$29.00,https://www.amway.com/en_US/Nutrilite%E2%84%A2-Vitamin-D-p-119346,119346,https://www.amway.com/medias/119346-en-US-480px-01?context=bWFzdGVyfGltYWdlc3wxNTYwNTR8aW1hZ2UvcG5nfGltYWdlcy9oZTgvaGY4Lzk0NDk4ODIzMjA5MjYucG5nfDU3ODhkMDJlYzgzY2JiNDU3ZjE3ZGM3Yjc3OTliMWE4NDY2NzdhYmExMmNlYmM1MzJlMWFkNGU0ZWI5YTc5YWY
Nutrilite Sleep Health,$25.00,https://www.amway.com/en_US/Nutrilite%26trade%3B-Sleep-Health-p-A8992,A8992,https://www.amway.com/medias/A8992-en-US-480px-01?context=bWFzdGVyfHJvb3R8NDIwNDZ8aW1hZ2UvcG5nfGg3MC9oZTAvOTM1NTQwODA4MDkyNi5wbmd8ZWM0ZGIwMzIzYzFhMWQyZWJmY2ZhNmE4Y2MxMGMzNzQ0YWUwZTI0ODBlYzU2YzYzZWY2ZThkMzYyN2M0MmRjYg
Nutrilite Prostate Health,$44.00,https://www.amway.com/en_US/Nutrilite%E2%84%A2-Prostate-Health-p-A8004,A8004,https://www.amway.com/medias/A8004-en-US-480px-01?context=bWFzdGVyfGltYWdlc3w1MjU5M3xpbWFnZS9wbmd8aW1hZ2VzL2gzZi9oN2IvOTM1NTQxNTI4OTg4Ni5wbmd8NGJiYTBlZGJhMTA4ZWM3ZjI2ZTFlMDA5OWI2MzVlZTBhMmNjMTFhMTlkNjQ0YjE1NGJkYzg0NzM0MjNjNzY5ZQ
Nutrilite Heart Health Omega,$35.00,https://www.amway.com/en_US/Nutrilite%E2%84%A2-Heart-Health-Omega-p-A8919,A8919,https://www.amway.com/medias/A8919-en-US-480px-01?context=bWFzdGVyfGltYWdlc3wxMjM1NjZ8aW1hZ2UvcG5nfGltYWdlcy9oMzEvaGY5Lzk0NDgxNzExNzU5NjYucG5nfGQ5ODc1NTFhOTQ0NDdkMTJlMGI2NjdkNzQxZmJkOWY1OTg3M2NjYzVhOGZlNTg5NDRjMjE1MDIyNzhmMTdjNDQ
Nutrilite Liver Support,$35.00,https://www.amway.com/en_US/Nutrilite%26trade%3B-Liver-Support-p-A8084,A8084,https://www.amway.com/medias/A8084-en-US-480px-01?context=bWFzdGVyfGltYWdlc3w0Njc5MHxpbWFnZS9wbmd8aW1hZ2VzL2hkYS9oMDUvOTM1NTQwNDA4MzIzMC5wbmd8MzZkOWFjNjkyMTVmM2I0NmVlYzljZjYyMTlhMjcxNWRhZjZjMjY2MDI1ZDJhNTQxMzhhMDc2N2VmNzJhYmMzNA
Nutrilite Chewable Vitamin E,$43.00,https://www.amway.com/en_US/Nutrilite%26trade%3B-Chewable-Vitamin-E-p-A4042,A4042,https://www.amway.com/medias/A4042-en-US-480px-01?context=bWFzdGVyfGltYWdlc3wzODAwMXxpbWFnZS9wbmd8aW1hZ2VzL2g3Ny9oZDYvOTM1NTQwMTM2MzQ4Ni5wbmd8NGYwN2E0OTQ3NWY3MTM4Njc4YTVkYmExMzM2MzE0OWE1ZTk0ZTQ5NDFiNGNjOWVhMmQ1ODY4ZThhY2ZkOGQ2MA
Nutrilite Heart Health CoQ10,$19.50,https://www.amway.com/en_US/Nutrilite%26trade%3B-Heart-Health-CoQ10-p-A8601,A8601,https://www.amway.com/medias/A8601-en-US-480px-01?context=bWFzdGVyfGltYWdlc3w0MzMxNHxpbWFnZS9wbmd8aW1hZ2VzL2g2Yy9oMGQvOTM1NTQwNDkwMjQzMC5wbmd8OGY3ZjIwZTdiNzc2NTQ3MGZmYWU4MTVmMTY2NmI3YjA5ZmZiMGU4MDUzM2M3YzI4OGIzNjk4ZDE3MjUxNGM4Mw
Nutrilite Glucose Health,$25.00,https://www.amway.com/en_US/Nutrilite%26trade%3B-Glucose-Health-p-A8600,A8600,https://www.amway.com/medias/A8600-en-US-480px-01?context=bWFzdGVyfGltYWdlc3wzNjM0OHxpbWFnZS9wbmd8aW1hZ2VzL2g4NC9oNjAvOTM1NTQxNTAyNzc0Mi5wbmd8ZTc3ZmEyMGY4MTIyMDNjNmE0MjZjZjAzOGRmZGFjOGZhOTZjZGZkNmNkMGNkNzRiODljMzY2YjkxMWI3NDY0NA
Nutrilite Menopause Ease Dietary Supplement,$34.00,https://www.amway.com/en_US/Nutrilite%E2%84%A2-Menopause-Ease%E2%84%A2-Dietary-Supplement-p-A8085,A8085,https://www.amway.com/medias/A8085-en-US-480px-01?context=bWFzdGVyfGltYWdlc3w0MzI5MnxpbWFnZS9wbmd8aW1hZ2VzL2g2MS9oMmQvOTM1NTQxNDk5NDk3NC5wbmd8YTk0M2EzODJkYWQ5ZDZlOWQ5NzA3N2M0Yjk3OGY2NGJkNjQ3MzRlZTRkNDQ5ZmM1ODUzNzYwNTk4MjFjMmM1NQ
Nutrilite PMS Women's Health,$35.00,https://www.amway.com/en_US/Nutrilite%E2%84%A2-PMS-Women%27s-Health-p-A8006,A8006,https://www.amway.com/medias/A8006-en-US-480px-01?context=bWFzdGVyfGltYWdlc3wzODc0OHxpbWFnZS9wbmd8aW1hZ2VzL2g0YS9oNmUvOTM1NTQwMTA2ODU3NC5wbmd8YjAzZDk4OTAzMTdjNDM4NTU2MzU0ZGJiMDU3NzYxNjMwNmZmMjkzMmU3ZjlhZDhhNjYyZDgyOGRiMjMzOWU4MQ
Nutrilite Hair, Skin & Nail Health,$25.00,https://www.amway.com/en_US/Nutrilite%26trade%3B-Hair%2C-Skin-%26-Nail-Health-p-A7553,A7553,https://www.amway.com/medias/A7553-en-US-480px-01?context=bWFzdGVyfGltYWdlc3w0NDY2NHxpbWFnZS9wbmd8aW1hZ2VzL2g5OS9oMDYvOTM1NTQwNjI0NTkxOC5wbmd8NTNlNzhjMDY1MTM0ZGM1ZGE3MTg4MmU0Yjg2NjcwMTYwMTcwM2Q3ODRjYWViMjQ2MDU5MDE3YzY4ZTM0MTFhNA
Nutrilite Digestive Enzyme,$38.00,https://www.amway.com/en_US/Nutrilite%E2%84%A2-Digestive-Enzyme-p-A8903,A8903,https://www.amway.com/medias/A8903-en-US-480px-01?context=bWFzdGVyfGltYWdlc3w0MzA2OXxpbWFnZS9wbmd8aW1hZ2VzL2hkMy9oNDUvOTM1NTQxMDU3MTI5NC5wbmd8ZTk5YTM1OWZkYWFkODcxMjVlZmJlYjkyODg2ODRkMWI4YjE5MTYzOTVkNDJmZTBmOTg5MzJiOTEyYzA5NzFkYw
Nutrilite Vitamin B DualAction  30 Tablets,$11.75,https://www.amway.com/en_US/Nutrilite%E2%84%A2-Vitamin-B-Dual%E2%80%93Action-%E2%80%93-30-Tablets-p-122971,122971,https://www.amway.com/medias/122971-en-US-480px-01?context=bWFzdGVyfHJvb3R8NzQwNDB8aW1hZ2UvcG5nfGhhYy9oNmYvOTQ0OTg4NDc3ODUyNi5wbmd8ZWMxYTlkNWM2YWM4OGRhOWYzNmIzNDA2M2IwYjhhNTBlMDYxMjhiZGU0MDVkMTc0YzJjM2I3YTJjNzhlZTZjZg
XS Energy + Focus Dietary Supplement - 30 Tablets,$21.00,https://www.amway.com/en_US/XS%E2%84%A2-Energy-%2B-Focus-Dietary-Supplement---30-Tablets-p-107846,107846,https://www.amway.com/medias/107846-en-US-480px-01?context=bWFzdGVyfGltYWdlc3wzMjU3NXxpbWFnZS9wbmd8aW1hZ2VzL2hkNS9oM2EvOTM1NTE4Nzk0NTUwMi5wbmd8OTY0NGJiNzBlNGYxNGQ4NzBjYzRmOTk5MzYwMGY3YmI4YjU1Y2ZkN2IyNzU0NDJmMmJlOTFmYjgwNjg1N2YyNw
Nutrilite Joint Health - 30 Day Supply,$36.00,https://www.amway.com/en_US/Nutrilite%E2%84%A2-Joint-Health---30-Day-Supply-p-104664,104664,https://www.amway.com/medias/104664-en-US-480px-01?context=bWFzdGVyfGltYWdlc3w0Mzg0MnxpbWFnZS9wbmd8aW1hZ2VzL2gxMi9oZmIvOTM1NTE5MTA5MTIzMC5wbmd8MmZmM2E3Mzk1NDE0ZTAzZThmMzk5YzUwOGRlMjJkOWVhNWE2YzkzMjMyMjQwYWY1NzMzNDNiMDkzZWIxMGUzMw
Nutrilite Twist Tubes 2GO  Antioxidant Health - Mango Citrus,$19.00,https://www.amway.com/en_US/Nutrilite%E2%84%A2-Twist-Tubes-2GO%E2%84%A2-%E2%80%93-Antioxidant-Health---Mango-Citrus-p-110538,110538,https://www.amway.com/medias/110538-en-US-480px-01?context=bWFzdGVyfGltYWdlc3w1NjA2OXxpbWFnZS9wbmd8aW1hZ2VzL2g1Mi9oYmMvOTM1NTE4NzY1MDU5MC5wbmd8YTRjNGNiYjg1NTc1MTU2YjIyZTIyYjhlZGMwMDEwMjMzOThhNzY2ZTRmN2YzNTQ0Njg2ZWVkYThkYTIwYTdmNA
Nutrilite Wellness Bars - Nutty Dark Chocolate,$24.00,https://www.amway.com/en_US/Nutrilite%26trade%3B-Wellness-Bars---Nutty-Dark-Chocolate-p-111045,111045,https://www.amway.com/medias/111045-en-US-480px-01?context=bWFzdGVyfGltYWdlc3w3OTI5NnxpbWFnZS9wbmd8aW1hZ2VzL2g4MS9oMWEvOTM1NTIxMzYzNTYxNC5wbmd8MTNhYmE0YmZhMjE4N2E4ZDdiYmVlMjMyZTI5NTMxZWRiNTJkYTRlYTQwNWZkMjJmMDQzYWZhMTg4ZWU5NDRkNA
Nutrilite Joint Health - 60 Day Supply,$64.00,https://www.amway.com/en_US/Nutrilite%26trade%3B-Joint-Health---60-Day-Supply-p-106964,106964,https://www.amway.com/medias/106964-en-US-480px-01?context=bWFzdGVyfGltYWdlc3w0MTMwMXxpbWFnZS9wbmd8aW1hZ2VzL2hhNC9oNWQvOTM1NTAxNjUwMzMyNi5wbmd8OThlNmM2OGFkNjY4ZmJlMzFlY2E4OWYyZmQzYTI5NDQ5NDhhMDg3NmFmM2MxMTFmYWIxMThiMzMxZjhkZWE3Mw
XS Energy + Focus Dietary Supplement - 60 Tablets,$38.00,https://www.amway.com/en_US/XS%26trade%3B-Energy-%2B-Focus-Dietary-Supplement---60-Tablets-p-101593,101593,https://www.amway.com/medias/101593-en-US-480px-01?context=bWFzdGVyfGltYWdlc3wzMzEwM3xpbWFnZS9wbmd8aW1hZ2VzL2hlOC9oMDYvOTM1NTE4MjYwNDMxOC5wbmd8NTNhOTNlZGE1MDU5ZjJmMjIwZTg5MDc0N2FkYmZmYzQ4NDZmMTM1YTIwM2RhNDdmYmFhNGMwZmRlNTZkYzAwYw
Nutrilite Bone Health Pack,$96.00,https://www.amway.com/en_US/Nutrilite%E2%84%A2-Bone-Health-Pack-p-123362,123362,https://www.amway.com/medias/123362-en-US-480px-01?context=bWFzdGVyfHJvb3R8NTQ2MTd8aW1hZ2UvcG5nfGhmZC9oNDIvOTM1NTI4MTQ5ODE0Mi5wbmd8YjYxNTQxYTgwYWI2NmM3OGM1ZDNmYTE2M2I3NmQ1MDFjZmFmZDkxMDhlMzhkZjExMTA4OGYwYzY0MGZlZWIzOA
Nutrilite Perfect Pack,$132.00,https://www.amway.com/en_US/Nutrilite%E2%84%A2-Perfect-Pack-p-123377,123377,https://www.amway.com/medias/123377-en-US-480px-01?context=bWFzdGVyfHJvb3R8NTc5NzZ8aW1hZ2UvcG5nfGgzZS9oNjEvOTM1NTI4ODU0MzI2Mi5wbmd8OGIzMWUwYTAxYjJiZjJjNTcyNjQ0M2I5YzNlZTE5MDYwMjg2Yjg1ZjM0MGFhMGNlNDc2NGUyYmE5ODBkYTNhNw
Nutrilite Heart Health Pack,$117.00,https://www.amway.com/en_US/Nutrilite%E2%84%A2-Heart-Health-Pack-p-123367,123367,https://www.amway.com/medias/123367-en-US-480px-01?context=bWFzdGVyfHJvb3R8NTM3NzR8aW1hZ2UvcG5nfGgwNy9oOTQvOTM1NTI3MzgzMDQzMC5wbmd8NzkyN2M4ODJlMDc5MzI5MmNlMzUxMTA0N2JmM2E2N2EyNWIxOGM1NGFhMzRiYTFmODY5NjM2MjA4MGFiMTRiNg
Nutrilite Double X Multivitamin  10-day Supply,$23.00,https://www.amway.com/en_US/Nutrilite%E2%84%A2-Double-X%E2%84%A2-Multivitamin-%E2%80%93-10-day-Supply-p-123364,123364,https://www.amway.com/medias/123364-en-US-480px-01?context=bWFzdGVyfHJvb3R8NTUzMTd8aW1hZ2UvcG5nfGg4OS9oMDAvOTQ0NjcxODA3OTAwNi5wbmd8NzY0NjgyODcwM2Y0ODczM2NmNzJlZjkyMTQxODUwODIyZjFkZWM3NTc3OWNkMzQ5ZDIzNzM1MDc4NDA4NjA2YQ
Nutrilite Immunity Pack,$31.00,https://www.amway.com/en_US/Nutrilite%E2%84%A2-Immunity-Pack-p-123843,123843,https://www.amway.com/medias/123843-en-US-480px-01?context=bWFzdGVyfGltYWdlc3w1NjcyMXxpbWFnZS9wbmd8aW1hZ2VzL2hhMS9oM2YvOTM1NTI3MDQ1NTMyNi5wbmd8YzJjZWI2ZmI1N2E3OTAwMjZiYTk2ZGE1M2MzNzMzZDM5OTkxODBhMmM5MzZhOWJiZDQyM2MwNzJmN2U3YjI1ZA
Nutrilite Ultra Focus Energy Pack,$39.00,https://www.amway.com/en_US/Nutrilite%E2%84%A2-Ultra-Focus-Energy-Pack-p-123842,123842,https://www.amway.com/medias/123842-en-US-480px-01?context=bWFzdGVyfGltYWdlc3w2MTAxOHxpbWFnZS9wbmd8aW1hZ2VzL2g2Zi9oOTYvOTM1NTI5NTg1MDUyNi5wbmd8M2M2NzQyZmIxMDIxMjA3OGJmNGMzYmYzYmYzYzE1ODM3OGYxZTgxZjUyNGMxMzkwZjgxMGRkMTYwMmE2MDliZg
Nutrilite Vitamin C Extended Release,$20.00,https://www.amway.com/en_US/Nutrilite%E2%84%A2-Vitamin-C-Extended-Release-p-109745,109745,https://www.amway.com/medias/109745-en-US-480px-01?context=bWFzdGVyfGltYWdlc3w1MDI4OXxpbWFnZS9wbmd8aW1hZ2VzL2g3ZS9oOGEvOTQ0ODE3MzUzNTI2Mi5wbmd8OTQ3NzQyZjFhODNmMjRmM2NmOTQ2Yzc0ZmQxMDhiMThhNGYwNDAzNTRiM2FmOWY3MGI2YzFhZjNmM2NjOWVlMA
Less Stress, More Yes  Relax Gummies,$17.50,https://www.amway.com/en_US/n-by-Nutrilite%E2%84%A2-Less-Stress%2C-More-Yes-%E2%80%93-Relax-Gummies-p-124505,124505,https://www.amway.com/medias/124505-en-US-480px-01?context=bWFzdGVyfGltYWdlc3wzNjUxOXxpbWFnZS9wbmd8aW1hZ2VzL2gwZC9oNDEvOTM1NTI3NzE3Mjc2Ni5wbmd8NjA1ZTNjMzg4NmZmMDA0MDhmMjI2YTdhMTZiYjEwY2Q4YzIxOGRjNDA0MjI5OWFjMmExN2QxMjA5Y2ZjZDljOA
Slay the Day  Focus Gummies,$17.50,https://www.amway.com/en_US/n-by-Nutrilite%E2%84%A2-Slay-the-Day-%E2%80%93-Focus-Gummies-p-124556,124556,https://www.amway.com/medias/124556-en-US-480px-01?context=bWFzdGVyfGltYWdlc3wzMTc1NXxpbWFnZS9wbmd8aW1hZ2VzL2g0Yy9oZjMvOTM1NTI5MjU3MzcyNi5wbmd8ZmVjMmQ0ZGY0M2EzOGViOTY3ZmY0NmI3Y2IwNDkxMDM0ZTE2OTRkMjlhMzY3NTc2N2JkMzM2OGZiOGEzOWJiZA
Rays for Days  Sunny Vitamin D Gummies,$17.50,https://www.amway.com/en_US/n-by-Nutrilite%E2%84%A2-Rays-for-Days-%E2%80%93-Sunny-Vitamin-D-Gummies-p-124504,124504,https://www.amway.com/medias/124504-en-US-480px-01?context=bWFzdGVyfGltYWdlc3wzMTI3NHxpbWFnZS9wbmd8aW1hZ2VzL2hkZS9oNDcvOTM1NTI4NDIxNzg4Ni5wbmd8ODNmY2MxNTEwMmI4ZTcxNzIyMWIxYzQyYzVmM2JjYzE2YTk5NWNjMDAwOThiMWQ1MTUxZTRhMWZjMTgxMDA1ZQ
Slay the Day Focus Shot,$29.00,https://www.amway.com/en_US/n-by-Nutrilite%E2%84%A2-Slay-the-Day-%E2%80%93%C2%A0Focus-Shot%C2%A0-p-124557,124557,https://www.amway.com/medias/124557-en-US-480px-01?context=bWFzdGVyfGltYWdlc3wyMzM2NHxpbWFnZS9wbmd8aW1hZ2VzL2gyNS9oMWQvOTM1NTI5NTA5Njg2Mi5wbmd8M2I3ZjIwNWU4ZTdiZDczMDdlYmYxNDkxODgwNmUzNzFlN2RlYzM4OGM4MzUwODg1NTUxZDJmYWJmMDgyYjZhOA
Nutrilite Immunity Defense Zinc + Holy Basil,$17.25,https://www.amway.com/en_US/Nutrilite%E2%84%A2-Immunity-Defense-Zinc-%2B-Holy-Basil-p-124692,124692,https://www.amway.com/medias/124692-en-US-480px-01?context=bWFzdGVyfGltYWdlc3wzNjk5OHxpbWFnZS9wbmd8aW1hZ2VzL2g3NS9oYjIvOTM1NTI4NDA1NDA0Ni5wbmd8Njg3ZTQzNWE0ZDUxMWFmMGIxODZmZTY1NmUwNzYyNTNmN2QyYzBmZDQ2MjIzNWE1NmNmNGFiZTk2ZjFhOTAzNQ
Go Shield Effervescent Tablets,$9.00,https://www.amway.com/en_US/n-by-Nutrilite%E2%84%A2-Go-Shield-Effervescent-Tablets-p-124931,124931,https://www.amway.com/medias/124931-en-US-480px-01?context=bWFzdGVyfGltYWdlc3wzNTI2MXxpbWFnZS9wbmd8aW1hZ2VzL2g4Yy9oZTQvOTM1NTM2MTI4ODIyMi5wbmd8MzlhNmY2NDVmODc4ZGFhMzUwZWZiZmRlOTM1ZjQzMzhiNjZlNzIzYTA0NTFjZGIzNjEwNDIyMDQ4MmQyMWM2Zg
Collagen Shots,$38.00,https://www.amway.com/en_US/n-by-Nutrilite%E2%84%A2-Collagen-Shots-p-124936,124936,https://www.amway.com/medias/124936-en-US-480px-01?context=bWFzdGVyfGltYWdlc3wyNDAxMHxpbWFnZS9wbmd8aW1hZ2VzL2hlOS9oYTYvOTM1NTMwMDMwNjk3NC5wbmd8NThkYmEzMTIyNDc4YjBmNzBmMzVlYzg2MjdkYjEzMzkwNTBmZDIyOTE2ZGZhYmU1NWZiM2MxMjZiNzI2YzIzNw
Turmeric Latte,$28.00,https://www.amway.com/en_US/n-by-Nutrilite%E2%84%A2-Turmeric-Latte-p-124941,124941,https://www.amway.com/medias/124941-en-US-480px-01?context=bWFzdGVyfGltYWdlc3w0Mjc4MnxpbWFnZS9wbmd8aW1hZ2VzL2hiNy9oNzIvOTM1NTM0NzkxODg3OC5wbmd8M2ExZWI1YzgxODI5MGY3NzlhNmFjODVkMDViN2QxZDc0NjAxNjViNzMzMDZhYjkzZDQwMGE3ZGEyODMwNTJhMg
Turmeric Gummies Dietary Supplement,$21.00,https://www.amway.com/en_US/n-by-Nutrilite%E2%84%A2-Turmeric-Gummies-Dietary-Supplement-%5B124940%5D-p-124940,124940,https://www.amway.com/medias/124940-en-US-480px-01?context=bWFzdGVyfGltYWdlc3wzMDM3NXxpbWFnZS9wbmd8aW1hZ2VzL2hiMS9oZjUvOTM1NTM1MzUyMjIwNi5wbmd8YWY2YWU2ZTk3N2FjYjY0YjQ3MGUyMzA1YTdmMjE3YTRmZTBjYmI1YjEyYjg3ZDUwMWIyMjkwNDRjZmIxYWU5Mg
Nutrilite Kids Complete Immunity Fast-Melt Powder,$29.00,https://www.amway.com/en_US/Nutrilite%E2%84%A2-Kids-Complete-Immunity-Fast-Melt-Powder--p-123046,123046,https://www.amway.com/medias/123046-en-US-480px-01?context=bWFzdGVyfGltYWdlc3wzMzUwNXxpbWFnZS9wbmd8aW1hZ2VzL2hmOS9oYzAvOTM1NTI4NDExOTU4Mi5wbmd8NWQ2NGQzZGViOTA1MzhhYjRhMGM0MmNiMmZjMzdjYTMxNDQxZTE3OGNkZjc3ZmVlZTQzMDUxZTUxNGRkZWQxMw
Nutrilite Kids Multivitamin Gummy,$27.00,https://www.amway.com/en_US/Nutrilite%E2%84%A2-Kids-Multivitamin-Gummy--p-123044,123044,https://www.amway.com/medias/123044-en-US-480px-01?context=bWFzdGVyfGltYWdlc3w1MjUzOHxpbWFnZS9wbmd8aW1hZ2VzL2g4Mi9oNDgvOTM1NTI3NDkxMTc3NC5wbmd8MGZmN2Q0NTIyYWI4M2ZkYWI3M2I3MjkyN2FhMjJkYWE5OWNhNDUwODkyNzgwMzliMTgwZGYyNWMyNjRmZDYyMw
Nutrilite Kids Superfood Smoothie,$16.00,https://www.amway.com/en_US/Nutrilite%E2%84%A2-Kids-Superfood-Smoothie-p-123047,123047,https://www.amway.com/medias/123047-en-US-480px-01?context=bWFzdGVyfGltYWdlc3w0OTAwN3xpbWFnZS9wbmd8aW1hZ2VzL2hkZS9oMjgvOTM1NTI4Nzk4NjIwNi5wbmd8ZjBlMDM3MTZlMzY0NjI0MWYyMDA5ZGJkMGI3OGIzNzY4N2ZmNmQwZWQzODk5NTZiMjQzOTYwOWI2Yzk0MGZlMg
Nutrilite Kids Brainiums DHA Jelly Splat,$24.00,https://www.amway.com/en_US/Nutrilite%E2%84%A2-Kids-Brainiums-DHA%E2%84%A2-Jelly-Splat-p-305554,305554,https://www.amway.com/medias/305554-en-US-480px-01?context=bWFzdGVyfGltYWdlc3w2ODIwNHxpbWFnZS9wbmd8aW1hZ2VzL2gwZC9oMTUvOTM1NTM2NzgwOTA1NC5wbmd8NGUxMzk4ZWM1OTBiZGQ1NDg4Y2E5ZWVlYjI4NzYwNDQwM2ZmZmY5YjBjODk4YWI5NTJkOTUzYWM2NjQ0ZTY5Yw
Nutrilite Womens Daily Multivitamin Tablets,$27.00,https://www.amway.com/en_US/Nutrilite%E2%84%A2-Women%E2%80%99s-Daily-Multivitamin-Tablets-p-125559,125559,https://www.amway.com/medias/125559-en-US-480px-01?context=bWFzdGVyfGltYWdlc3wzODkyOXxpbWFnZS9wbmd8aW1hZ2VzL2hkMi9oMmUvOTM1NTMxMTUxMzYzMC5wbmd8MmYxZDZkZmExOGNkYWEwOGIwNzU2NTM4OTM1ZTU2NmNiMzMwZGQwMDZhMDNmNDcwODRkZTk1Y2FjN2QyNWVmZQ
Nutrilite Mens Daily Multivitamin Tablets,$27.00,https://www.amway.com/en_US/Nutrilite%E2%84%A2-Men%E2%80%99s-Daily-Multivitamin-Tablets-p-125557,125557,https://www.amway.com/medias/125557-en-US-480px-01?context=bWFzdGVyfGltYWdlc3wzMjY3NHxpbWFnZS9wbmd8aW1hZ2VzL2g1Zi9oNzAvOTM1NTM1NzY1MDk3NC5wbmd8NGY2M2ViNmVkY2ZiZTNjMGQ4MzQyMTc4M2M0MDkyYmUxMTk2ODJmOTllNGJhY2RkMjlkODZlNzFjZTdiNWI0Mw
Eye Mojo  Blue Light Vision Gummies,$21.00,https://www.amway.com/en_US/n-by-Nutrilite%E2%84%A2-Eye-Mojo-%E2%80%93-Blue-Light-Vision-Gummies--p-125544,125544,https://www.amway.com/medias/125544-en-US-480px-01?context=bWFzdGVyfGltYWdlc3w0NDMyNHxpbWFnZS9wbmd8aW1hZ2VzL2g2YS9oZDEvOTM1NTMwNjEzOTY3OC5wbmd8NzJlMDJjN2IwZTJlNGE2N2Q3ODY5OWM0NmI0YjVmOWExZGQyNzBiNDUwNDM4ZGIzOTk0M2E1NmU0ZmI4MWJmOA
Slay the Day  Focus Soft Chews,$20.00,https://www.amway.com/en_US/n-by-Nutrilite%E2%84%A2-Slay-the-Day-%E2%80%93-Focus-Soft-Chews--p-125546,125546,https://www.amway.com/medias/125546-en-US-480px-01?context=bWFzdGVyfGltYWdlc3w2NTA3NXxpbWFnZS9wbmd8aW1hZ2VzL2hhMS9oN2MvOTM1NTM0ODg2OTE1MC5wbmd8ZDc1ZDU4ZGFjY2M2M2QyZWJkNTRlZmM1MGU2YWFkYmI1NWE4ZjNkOWY4MjMyNWNlNmE4MDMwOGE5MTJlYWU5MQ
#nofilter Sleep Gummies,$25.00,https://www.amway.com/en_US/n-by-Nutrilite%E2%84%A2-%23nofilter-Sleep-Gummies-p-125543,125543,https://www.amway.com/medias/125543-en-US-480px-01?context=bWFzdGVyfGltYWdlc3wzNjg1MXxpbWFnZS9wbmd8aW1hZ2VzL2g4ZS9oYWQvOTM1NTMwOTE4NzEwMi5wbmd8OTg4NzEyMjE3MjlhNGUwY2Q5MzQzZTQzYzc5YjgzMjNjN2JjMGRhMzRjN2MyZDRjYTAyOWFkMGMwNmNjMjczMg
#nofilter Beauty Tea,$15.25,https://www.amway.com/en_US/n-by-Nutrilite%E2%84%A2-%23nofilter-Beauty-Tea-p-125551,125551,https://www.amway.com/medias/125551-en-US-480px-01?context=bWFzdGVyfGltYWdlc3wxNDIzM3xpbWFnZS9wbmd8aW1hZ2VzL2g1My9oNjYvOTM1NTMwNDIwNjM2Ni5wbmd8NjI5MmI4ZDdhNmQ4YWQ2MmE4NTZjMGExM2YzNjYyN2ExYWY2ODM5ZmI1NzExMDU0YjFmMjZjZDQ1ZGJiNDNmZA
Nutrilite Stress Relief Probiotic,$46.00,https://www.amway.com/en_US/Nutrilite%E2%84%A2-Stress-Relief-Probiotic--p-125514,125514,https://www.amway.com/medias/125514-en-US-480px-01?context=bWFzdGVyfGltYWdlc3wzNTM3MHxpbWFnZS9wbmd8aW1hZ2VzL2g3ZS9oNjcvOTM1NTM1MzE5NDUyNi5wbmd8OGRlNmM2NDVlYTg2OWU5YTNlMDZmNWQxMDU1NTk0YjY0ZGY0ZWE4MDQ5OGEyMDc3MThkNTIyNjA3NWQ0ZTliMg
#nofilter Collagen Peptides,$32.00,https://www.amway.com/en_US/n-by-Nutrilite%E2%84%A2-%23nofilter-Collagen-Peptides--p-125553,125553,https://www.amway.com/medias/125553-en-US-480px-01?context=bWFzdGVyfGltYWdlc3w0MTk0MnxpbWFnZS9wbmd8aW1hZ2VzL2g1ZC9oNzEvOTM1NTMwMDg2NDAzMC5wbmd8YjkwY2MxZWZlY2JjN2I4ODFiMWI2OWQ4NTMyMmVmOTJhNDY3OGUyYjU2OGJiMTVjZTRjMWNhMzFiYzFjYjBhOQ
#nofilter Collagen Creamer,$29.00,https://www.amway.com/en_US/n-by-Nutrilite%E2%84%A2-%23nofilter-Collagen-Creamer--p-125596,125596,https://www.amway.com/medias/125596-en-US-480px-01?context=bWFzdGVyfGltYWdlc3w0Njk0NXxpbWFnZS9wbmd8aW1hZ2VzL2gwMS9oNWMvOTM1NTM0NjMxMzI0Ni5wbmd8ZGI3NDVhZjJlYWRjZWJmY2Q4YmIyZGViNTNjNDRkMGQzZjllNTA5NTZhNTAwMjFiMjNlM2UwN2YzMWM1YjlkYw
#nofilter Collagen Gummies,$18.50,https://www.amway.com/en_US/n-by-Nutrilite%E2%84%A2-%23nofilter-Collagen-Gummies-p-125545,125545,https://www.amway.com/medias/125545-en-US-480px-01?context=bWFzdGVyfGltYWdlc3wzNDgxMnxpbWFnZS9wbmd8aW1hZ2VzL2gyYi9oOWYvOTM2MDUzNzI4ODczNC5wbmd8ZTkxMmRiNTA0ZGFmZmY1YzMzNDJjMDc2ZGU1MjVlOGQ0YWRlZDI3NjRmYzllYTllZjg3YWY3NjY4MzliNWRhMg
Less Stress, More Yes  Relax Effervescent Tablets,$9.00,https://www.amway.com/en_US/n-by-Nutrilite%E2%84%A2-Less-Stress%2C-More-Yes-%E2%80%93-Relax-Effervescent-Tablets-p-125554,125554,https://www.amway.com/medias/125554-en-US-480px-01?context=bWFzdGVyfGltYWdlc3wyNzE5MnxpbWFnZS9wbmd8aW1hZ2VzL2hiZC9oODMvOTM1NTM1NjM3MzAyMi5wbmd8YjM0YTQxNDcyODA3MTU4ODliNTQ2YTg3ZmNjYzBlOGJlYmE3ZWM4OTIzZTQ1YTQ3NzNiODRjZTUxNjRjMjA2MQ
Nutrilite Organics Plant Protein Powder  Chocolate,$36.00,https://www.amway.com/en_US/Nutrilite%E2%84%A2-Organics-Plant-Protein-Powder-%E2%80%93-Chocolate-p-125921,125921,https://www.amway.com/medias/125921-en-US-480px-01?context=bWFzdGVyfGltYWdlc3w4Mzc2OHxpbWFnZS9wbmd8aW1hZ2VzL2g0NC9oNWQvOTM1NTMwOTE1NDMzNC5wbmd8NjI4OGEyNDNlNmFjOWIyYWZlMmY1OTBlZGE0MmU2YWUzNjM0YzlkYzVlOWM5NzRmMmQ0ZmJmM2EwOWFjMDFiMQ
Nutrilite Organics Plant Protein Powder  Vanilla,$36.00,https://www.amway.com/en_US/Nutrilite%E2%84%A2-Organics-Plant-Protein-Powder-%E2%80%93-Vanilla-p-125923,125923,https://www.amway.com/medias/125923-en-US-480px-01?context=bWFzdGVyfGltYWdlc3w3OTE2OXxpbWFnZS9wbmd8aW1hZ2VzL2hlZi9oNDMvOTM1NTQyMjEwNTYzMC5wbmd8ZDU4NTBmNmIzZTMwMjc4ZWNhMWQ1NzY2OWZkOGI0YjExZTg2NzM3ZDk3NWYyMjAxMGRkNjA5NWM0YzU0M2E4Mw
Nutrilite Organics Immunity Superfood Powder,$45.00,https://www.amway.com/en_US/Nutrilite%E2%84%A2-Organics-Immunity-Superfood-Powder-p-125936,125936,https://www.amway.com/medias/125936-en-US-480px-01?context=bWFzdGVyfGltYWdlc3w2MzQyMHxpbWFnZS9wbmd8aW1hZ2VzL2hlYS9oZGMvOTM1NTM2MzA1NzY5NC5wbmd8OTBjNjI1NWJlMGZhYjRmN2ZmMjk4Yzk2MjhhMGEyOWVmODE3MTEwZjRlMjFlYTEwODAyY2Y3MDBlNTUzZjNkZA
Nutrilite Organics Green Superfood Powder,$38.00,https://www.amway.com/en_US/Nutrilite%E2%84%A2-Organics-Green-Superfood-Powder-p-125937,125937,https://www.amway.com/medias/125937-en-US-480px-01?context=bWFzdGVyfGltYWdlc3w2MDcwN3xpbWFnZS9wbmd8aW1hZ2VzL2g0MS9oMzAvOTM1NTM1NDg5ODQ2Mi5wbmd8OWNkNDQyYzE4M2YwZjNmYTNlNmYwZGVjMDBlMzk2NWUxNjI5OGE1NjUxYzc4M2RlZWJiYzcwZTMxNzI5NTcwZQ
Nutrilite Vision Health,$35.00,https://www.amway.com/en_US/Nutrilite%E2%84%A2-Vision-Health-p-124708,124708,https://www.amway.com/medias/124708-en-US-480px-01?context=bWFzdGVyfGltYWdlc3wzOTEyMnxpbWFnZS9wbmd8aW1hZ2VzL2g2OC9oMWYvOTQ0ODE4NTE2NzkwMi5wbmd8ZjhmMDcxNzA1MjRlZGM5MzJkNmZjNjNmNGM4ZTY3ZDUzOTg2MmZhNDMxMTEwNjQ1YmYzMGZhOTNkN2E4OGJhMg
Nutrilite Immunity Echinacea,$38.00,https://www.amway.com/en_US/Nutrilite%26trade%3B-Immunity-Echinacea-p-A5986,A5986,https://www.amway.com/medias/A5986-en-US-480px-01?context=bWFzdGVyfGltYWdlc3w0MTg2MHxpbWFnZS9wbmd8aW1hZ2VzL2g4ZS9oYTAvOTM1NTQxMzI1ODI3MC5wbmd8NmVhNjYyMDQ0ZDA0MTc4ODU3ZGU0ZTgyZjc3ZGU3NmUyYWFlYzlhZjBkZWUzYzI3YzI4ZDlhYzE1MGZjZDJhMQ
Take a Sec  Stress + Sleep Tea,$12.00,https://www.amway.com/en_US/n-by-Nutrilite%E2%84%A2-Take-a-Sec-%E2%80%93-Stress-%2B-Sleep-Tea-p-124559,124559,https://www.amway.com/medias/124559-en-US-480px-01?context=bWFzdGVyfGltYWdlc3wyOTQwNnxpbWFnZS9wbmd8aW1hZ2VzL2gzOC9oODcvOTM1NTI4NDcwOTQwNi5wbmd8Y2UyMTYxN2ZiMzljYjk2Y2IwNTFmYzk2Zjc5MTM0OTI3YzY3M2Y0NzdmOWQ2YTczMTI4MjllMTU4ODI1ZGY2YQ
Nutrilite Vision Health with Lutein,$35.00,https://www.amway.com/en_US/Nutrilite%E2%84%A2-Vision-Health-with-Lutein-p-104144,104144,https://www.amway.com/medias/104144-en-US-480px-01?context=bWFzdGVyfGltYWdlc3w0NDU0OHxpbWFnZS9wbmd8aW1hZ2VzL2g3YS9oN2UvOTM1NTE4MTg4MzQyMi5wbmd8YzY3NmM4ZGQzZjVmZmZkN2RkYjNiZTgxNzYxN2MyOTUyMWMzZTllMmVmN2U3OWUyMGVkNTQ0MjJjZGQyNjg4ZQ
Rays for Days  SunnyTopical Essential Oil Blend,$21.00,https://www.amway.com/en_US/n-by-Nutrilite%E2%84%A2-Rays-for-Days-%E2%80%93-Sunny%C2%A0Topical-Essential-Oil-Blend-p-124561,124561,https://www.amway.com/medias/124561-en-US-480px-01?context=bWFzdGVyfGltYWdlc3wxNTMwOHxpbWFnZS9wbmd8aW1hZ2VzL2hhZi9oNmYvOTM1NTI3NDU1MTMyNi5wbmd8ODY3MjdmNWEzMDlhODBmZWMxZmUxNDhmZjgxNmFkNjhkNjVhNDM2MTcxMTRlZDZlNjc2MGQ3NTAwNWQwZDNhNQ
Killin It Kit,$58.00,https://www.amway.com/en_US/n-by-Nutrilite%E2%84%A2-Killin%E2%80%99-It-Kit-p-124821,124821,https://www.amway.com/medias/124821-en-US-480px-01?context=bWFzdGVyfGltYWdlc3w0MTI0OHxpbWFnZS9qcGVnfGltYWdlcy9oMTEvaDQ1LzkwOTY2MjQ0MzkzMjYuanBnfGUzYmFlZTUyZTY4MDE0MGFhMjI2YmQwMjk1NmVlOTk4ZWQ1Nzk4MTg2NjI0ZjY4YTdhNTZmYWNkYTIyZTMxMWQ
Focus!  Topical Essential Oil Blend,$21.00,https://www.amway.com/en_US/n-by-Nutrilite%E2%84%A2-Focus%21-%E2%80%93-Topical-Essential-Oil-Blend-p-124560,124560,https://www.amway.com/medias/124560-en-US-480px-01?context=bWFzdGVyfGltYWdlc3wxMzQ5OHxpbWFnZS9wbmd8aW1hZ2VzL2hhNy9oNmIvOTM1NTI4NjA4NTY2Mi5wbmd8MGQ2YTZlYjAwMDI1NDkyZTJiNzM5NTI2MmE5MWNkZTY3NWVmNjk1N2VmNDgyMDg5YWFkOTY4NWJjZDhmMDBjYw
Kombuch-Yeah! Kombucha-style Drink Mix,$21.00,https://www.amway.com/en_US/n-by-Nutrilite%E2%84%A2-Kombuch-Yeah%21-%E2%80%93%C2%A0Kombucha-style-Drink-Mix-p-124558,124558,https://www.amway.com/medias/124558-en-US-480px-01?context=bWFzdGVyfGltYWdlc3w1OTYxMHxpbWFnZS9wbmd8aW1hZ2VzL2g5Ni9oNGYvOTM1NTI4NjM4MDU3NC5wbmd8ZDZlYjg1M2QxNTU3M2ZjZTNiNjFmOWI5NWUwNWJkNzczNWMxOTNlNTFkYmQzZTgxY2FlMWQxNjAyMDRlZTI3Mg
Sweet Dreams  Sleep Topical Essential Oil Blend,$21.00,https://www.amway.com/en_US/n-by-Nutrilite%E2%84%A2-Sweet-Dreams-%E2%80%93-Sleep-Topical-Essential-Oil-Blend-p-124562,124562,https://www.amway.com/medias/124562-en-US-480px-01?context=bWFzdGVyfGltYWdlc3wxNDc1M3xpbWFnZS9wbmd8aW1hZ2VzL2gwZi9oOWIvOTM1NTI4ODgzODE3NC5wbmd8OTJkNzFhZTI2YjkxYzA5MTE1M2MwZjBjZjk4NzZhZTBjMmFlYmQ5YWI0MGNiZTAwNTFlYmU2ZWI4YzAxYzhlOA
Fizzy & Fabulous Effervescent Tablets,$9.00,https://www.amway.com/en_US/n-by-Nutrilite%E2%84%A2-Fizzy-%26-Fabulous-Effervescent-Tablets-p-124930,124930,https://www.amway.com/medias/124930-en-US-480px-01?context=bWFzdGVyfGltYWdlc3wzMjgxM3xpbWFnZS9wbmd8aW1hZ2VzL2hjNC9oMzIvOTM1NTMwMzMyMTYzMC5wbmd8Mjg5ZWY0OTdkOWQ4MTNiZjMwMjk3MjcwMWJlN2I0MDdhZjE5N2E3NWEwMjhlODA5YmFjMDVhNmM2MWJjOWRkYw
Hit Reset Shots   Vitamin B & Milk Thistle Shot,$33.00,https://www.amway.com/en_US/n-by-Nutrilite%E2%84%A2-Hit-Reset-Shots-%E2%80%93-Vitamin-B-%26-Milk-Thistle-Shot-p-124937,124937,https://www.amway.com/medias/124937-en-US-480px-01?context=bWFzdGVyfGltYWdlc3wyNTkyNnxpbWFnZS9wbmd8aW1hZ2VzL2g2OS9oNjgvOTM1NTM2MTQ1MjA2Mi5wbmd8OTRlMDFhZWIxOWEzMWZlN2IyN2FlOTA1ZTIwOGNlMTVlOTMwNmM2ODI3MDkxZDJmNWY3MzU1MWNjODE2ZDNhNg
Nutrilite Multi Carotene,$15.75,https://www.amway.com/en_US/Nutrilite%E2%84%A2-Multi-Carotene-p-109536,109536,https://www.amway.com/medias/109536-en-US-480px-01?context=bWFzdGVyfGltYWdlc3wzODgyNXxpbWFnZS9wbmd8aW1hZ2VzL2g3MC9oZDQvOTM1NTAxNjYwMTYzMC5wbmd8MjdiYTlhMDcwNzA1MmIwMGJlMWU4MGFlYTkzMzA1MDJlMzE0NzI1OTQ3YjdkYzI2ODY0MmJjMWM2ZTdkMmMzYg
